key,key:user-story,key:project
p_us-01.01,user-story-01,project-01
p_us-01.02,user-story-02,project-01
p_us-01.03,user-story-03,project-01
p_us-01.06,user-story-06,project-01
p_us-01.07,user-story-07,project-01
p_us-01.08,user-story-08,project-01
p_us-01.09,user-story-09,project-01
p_us-01.10,user-story-10,project-01
p_us-01.11,user-story-11,project-01
p_us-02.12,user-story-12,project-02
p_us-02.13,user-story-13,project-02
p_us-02.14,user-story-14,project-02
p_us-03.15,user-story-15,project-03
p_us-03.16,user-story-16,project-03
p_us-04.17,user-story-17,project-04
p_us-06.18,user-story-18,project-06
p_us-06.19,user-story-19,project-06
p_us-06.20,user-story-20,project-06
p_us-06.21,user-story-21,project-06
p_us-06.22,user-story-22,project-06
p_us-06.23,user-story-23,project-06
p_us-06.24,user-story-24,project-06
p_us-06.25,user-story-25,project-06
p_us-06.26,user-story-26,project-06
p_us-08.27,user-story-27,project-08
p_us-09.28,user-story-28,project-09
p_us-10.29,user-story-29,project-10
p_us-11.71,user-story-01,project-11
p_us-12.72,user-story-01,project-12
p_us-13.73,user-story-01,project-13
p_us-13.74,user-story-01,project-13
p_us-15.75,user-story-01,project-15
p_us-15.76,user-story-01,project-15
p_us-17.77,user-story-77,project-17
p_us-17.80,user-story-80,project-17
p_us-28.30,user-story-30,project-28
p_us-28.31,user-story-31,project-28
p_us-28.32,user-story-32,project-28
p_us-28.33,user-story-33,project-28
p_us-28.34,user-story-34,project-28
p_us-28.35,user-story-35,project-28
p_us-28.36,user-story-36,project-28
p_us-28.37,user-story-37,project-28
p_us-28.38,user-story-38,project-28
p_us-28.39,user-story-39,project-28
p_us-28.40,user-story-40,project-28
p_us-28.41,user-story-41,project-28
p_us-29.42,user-story-42,project-29
p_us-29.43,user-story-43,project-29
p_us-29.44,user-story-44,project-29
p_us-30.45,user-story-45,project-30
p_us-30.46,user-story-46,project-30
p_us-31.47,user-story-47,project-31
p_us-36.48,user-story-48,project-36
p_us-36.49,user-story-49,project-36
p_us-36.50,user-story-50,project-36
p_us-44.51,user-story-51,project-44
p_us-45.52,user-story-52,project-45
p_us-46.53,user-story-53,project-46
p_us-46.54,user-story-54,project-46
p_us-50.60,user-story-60,project-50
p_us-50.63,user-story-63,project-50
p_us-50.64,user-story-64,project-50
p_us-50.65,user-story-65,project-50
p_us-50.66,user-story-66,project-50
p_us-50.67,user-story-67,project-50
p_us-50.68,user-story-68,project-50
p_us-50.69,user-story-69,project-50
p_us-50.70,user-story-70,project-50